ExternalID,Name
accounts_0,accounts_0
accounts_1,accounts_1
accounts_2,accounts_2
accounts_3,accounts_3
accounts_4,accounts_4
accounts_5,accounts_5
accounts_6,accounts_6
accounts_7,accounts_7
accounts_8,accounts_8
accounts_9,accounts_9
accounts_10,accounts_10
accounts_11,accounts_11
accounts_12,accounts_12
accounts_13,accounts_13
accounts_14,accounts_14
accounts_15,accounts_15
accounts_16,accounts_16
accounts_17,accounts_17
accounts_18,accounts_18
accounts_19,accounts_19
accounts_20,accounts_20
accounts_21,accounts_21
accounts_22,accounts_22
accounts_23,accounts_23
accounts_24,accounts_24
accounts_25,accounts_25
accounts_26,accounts_26
accounts_27,accounts_27
accounts_28,accounts_28
accounts_29,accounts_29
accounts_30,accounts_30
accounts_31,accounts_31
accounts_32,accounts_32
accounts_33,accounts_33
accounts_34,accounts_34
accounts_35,accounts_35
accounts_36,accounts_36
accounts_37,accounts_37
accounts_38,accounts_38
accounts_39,accounts_39
accounts_40,accounts_40
accounts_41,accounts_41
accounts_42,accounts_42
accounts_43,accounts_43
accounts_44,accounts_44
accounts_45,accounts_45
accounts_46,accounts_46
accounts_47,accounts_47
accounts_48,accounts_48
accounts_49,accounts_49
accounts_50,accounts_50
accounts_51,accounts_51
accounts_52,accounts_52
accounts_53,accounts_53
accounts_54,accounts_54
accounts_55,accounts_55
accounts_56,accounts_56
accounts_57,accounts_57
accounts_58,accounts_58
accounts_59,accounts_59
accounts_60,accounts_60
accounts_61,accounts_61
accounts_62,accounts_62
accounts_63,accounts_63
accounts_64,accounts_64
accounts_65,accounts_65
accounts_66,accounts_66
accounts_67,accounts_67
accounts_68,accounts_68
accounts_69,accounts_69
accounts_70,accounts_70
accounts_71,accounts_71
accounts_72,accounts_72
accounts_73,accounts_73
accounts_74,accounts_74
accounts_75,accounts_75
accounts_76,accounts_76
accounts_77,accounts_77
accounts_78,accounts_78
accounts_79,accounts_79
accounts_80,accounts_80
accounts_81,accounts_81
accounts_82,accounts_82
accounts_83,accounts_83
accounts_84,accounts_84
accounts_85,accounts_85
accounts_86,accounts_86
accounts_87,accounts_87
accounts_88,accounts_88
accounts_89,accounts_89
accounts_90,accounts_90
accounts_91,accounts_91
accounts_92,accounts_92
accounts_93,accounts_93
accounts_94,accounts_94
accounts_95,accounts_95
accounts_96,accounts_96
accounts_97,accounts_97
accounts_98,accounts_98
accounts_99,accounts_99
accounts_100,accounts_100
accounts_101,accounts_101
accounts_102,accounts_102
accounts_103,accounts_103
accounts_104,accounts_104
accounts_105,accounts_105
accounts_106,accounts_106
accounts_107,accounts_107
accounts_108,accounts_108
accounts_109,accounts_109
accounts_110,accounts_110
accounts_111,accounts_111
accounts_112,accounts_112
accounts_113,accounts_113
accounts_114,accounts_114
accounts_115,accounts_115
accounts_116,accounts_116
accounts_117,accounts_117
accounts_118,accounts_118
accounts_119,accounts_119
accounts_120,accounts_120
accounts_121,accounts_121
accounts_122,accounts_122
accounts_123,accounts_123
accounts_124,accounts_124
accounts_125,accounts_125
accounts_126,accounts_126
accounts_127,accounts_127
accounts_128,accounts_128
accounts_129,accounts_129
accounts_130,accounts_130
accounts_131,accounts_131
accounts_132,accounts_132
accounts_133,accounts_133
accounts_134,accounts_134
accounts_135,accounts_135
accounts_136,accounts_136
accounts_137,accounts_137
accounts_138,accounts_138
accounts_139,accounts_139
accounts_140,accounts_140
accounts_141,accounts_141
accounts_142,accounts_142
accounts_143,accounts_143
accounts_144,accounts_144
accounts_145,accounts_145
accounts_146,accounts_146
accounts_147,accounts_147
accounts_148,accounts_148
accounts_149,accounts_149
accounts_150,accounts_150
accounts_151,accounts_151
accounts_152,accounts_152
accounts_153,accounts_153
accounts_154,accounts_154
accounts_155,accounts_155
accounts_156,accounts_156
accounts_157,accounts_157
accounts_158,accounts_158
accounts_159,accounts_159
accounts_160,accounts_160
accounts_161,accounts_161
accounts_162,accounts_162
accounts_163,accounts_163
accounts_164,accounts_164
accounts_165,accounts_165
accounts_166,accounts_166
accounts_167,accounts_167
accounts_168,accounts_168
accounts_169,accounts_169
accounts_170,accounts_170
accounts_171,accounts_171
accounts_172,accounts_172
accounts_173,accounts_173
accounts_174,accounts_174
accounts_175,accounts_175
accounts_176,accounts_176
accounts_177,accounts_177
accounts_178,accounts_178
accounts_179,accounts_179
accounts_180,accounts_180
accounts_181,accounts_181
accounts_182,accounts_182
accounts_183,accounts_183
accounts_184,accounts_184
accounts_185,accounts_185
accounts_186,accounts_186
accounts_187,accounts_187
accounts_188,accounts_188
accounts_189,accounts_189
accounts_190,accounts_190
accounts_191,accounts_191
accounts_192,accounts_192
accounts_193,accounts_193
accounts_194,accounts_194
accounts_195,accounts_195
accounts_196,accounts_196
accounts_197,accounts_197
accounts_198,accounts_198
accounts_199,accounts_199
accounts_200,accounts_200
accounts_201,accounts_201
accounts_202,accounts_202
accounts_203,accounts_203
accounts_204,accounts_204
accounts_205,accounts_205
accounts_206,accounts_206
accounts_207,accounts_207
accounts_208,accounts_208
accounts_209,accounts_209
accounts_210,accounts_210
accounts_211,accounts_211
accounts_212,accounts_212
accounts_213,accounts_213
accounts_214,accounts_214
accounts_215,accounts_215
accounts_216,accounts_216
accounts_217,accounts_217
accounts_218,accounts_218
accounts_219,accounts_219
accounts_220,accounts_220
accounts_221,accounts_221
accounts_222,accounts_222
accounts_223,accounts_223
accounts_224,accounts_224
accounts_225,accounts_225
accounts_226,accounts_226
accounts_227,accounts_227
accounts_228,accounts_228
accounts_229,accounts_229
accounts_230,accounts_230
accounts_231,accounts_231
accounts_232,accounts_232
accounts_233,accounts_233
accounts_234,accounts_234
accounts_235,accounts_235
accounts_236,accounts_236
accounts_237,accounts_237
accounts_238,accounts_238
accounts_239,accounts_239
accounts_240,accounts_240
accounts_241,accounts_241
accounts_242,accounts_242
accounts_243,accounts_243
accounts_244,accounts_244
accounts_245,accounts_245
accounts_246,accounts_246
accounts_247,accounts_247
accounts_248,accounts_248
accounts_249,accounts_249
accounts_250,accounts_250
accounts_251,accounts_251
accounts_252,accounts_252
accounts_253,accounts_253
accounts_254,accounts_254
accounts_255,accounts_255
accounts_256,accounts_256
accounts_257,accounts_257
accounts_258,accounts_258
accounts_259,accounts_259
accounts_260,accounts_260
accounts_261,accounts_261
accounts_262,accounts_262
accounts_263,accounts_263
accounts_264,accounts_264
accounts_265,accounts_265
accounts_266,accounts_266
accounts_267,accounts_267
accounts_268,accounts_268
accounts_269,accounts_269
accounts_270,accounts_270
accounts_271,accounts_271
accounts_272,accounts_272
accounts_273,accounts_273
accounts_274,accounts_274
accounts_275,accounts_275
accounts_276,accounts_276
accounts_277,accounts_277
accounts_278,accounts_278
accounts_279,accounts_279
accounts_280,accounts_280
accounts_281,accounts_281
accounts_282,accounts_282
accounts_283,accounts_283
accounts_284,accounts_284
accounts_285,accounts_285
accounts_286,accounts_286
accounts_287,accounts_287
accounts_288,accounts_288
accounts_289,accounts_289
accounts_290,accounts_290
accounts_291,accounts_291
accounts_292,accounts_292
accounts_293,accounts_293
accounts_294,accounts_294
accounts_295,accounts_295
accounts_296,accounts_296
accounts_297,accounts_297
accounts_298,accounts_298
accounts_299,accounts_299
accounts_300,accounts_300
accounts_301,accounts_301
accounts_302,accounts_302
accounts_303,accounts_303
accounts_304,accounts_304
accounts_305,accounts_305
accounts_306,accounts_306
accounts_307,accounts_307
accounts_308,accounts_308
accounts_309,accounts_309
accounts_310,accounts_310
accounts_311,accounts_311
accounts_312,accounts_312
accounts_313,accounts_313
accounts_314,accounts_314
accounts_315,accounts_315
accounts_316,accounts_316
accounts_317,accounts_317
accounts_318,accounts_318
accounts_319,accounts_319
accounts_320,accounts_320
accounts_321,accounts_321
accounts_322,accounts_322
accounts_323,accounts_323
accounts_324,accounts_324
accounts_325,accounts_325
accounts_326,accounts_326
accounts_327,accounts_327
accounts_328,accounts_328
accounts_329,accounts_329
accounts_330,accounts_330
accounts_331,accounts_331
accounts_332,accounts_332
accounts_333,accounts_333
accounts_334,accounts_334
accounts_335,accounts_335
accounts_336,accounts_336
accounts_337,accounts_337
accounts_338,accounts_338
accounts_339,accounts_339
accounts_340,accounts_340
accounts_341,accounts_341
accounts_342,accounts_342
accounts_343,accounts_343
accounts_344,accounts_344
accounts_345,accounts_345
accounts_346,accounts_346
accounts_347,accounts_347
accounts_348,accounts_348
accounts_349,accounts_349
accounts_350,accounts_350
accounts_351,accounts_351
accounts_352,accounts_352
accounts_353,accounts_353
accounts_354,accounts_354
accounts_355,accounts_355
accounts_356,accounts_356
accounts_357,accounts_357
accounts_358,accounts_358
accounts_359,accounts_359
accounts_360,accounts_360
accounts_361,accounts_361
accounts_362,accounts_362
accounts_363,accounts_363
accounts_364,accounts_364
accounts_365,accounts_365
accounts_366,accounts_366
accounts_367,accounts_367
accounts_368,accounts_368
accounts_369,accounts_369
accounts_370,accounts_370
accounts_371,accounts_371
accounts_372,accounts_372
accounts_373,accounts_373
accounts_374,accounts_374
accounts_375,accounts_375
accounts_376,accounts_376
accounts_377,accounts_377
accounts_378,accounts_378
accounts_379,accounts_379
accounts_380,accounts_380
accounts_381,accounts_381
accounts_382,accounts_382
accounts_383,accounts_383
accounts_384,accounts_384
accounts_385,accounts_385
accounts_386,accounts_386
accounts_387,accounts_387
accounts_388,accounts_388
accounts_389,accounts_389
accounts_390,accounts_390
accounts_391,accounts_391
accounts_392,accounts_392
accounts_393,accounts_393
accounts_394,accounts_394
accounts_395,accounts_395
accounts_396,accounts_396
accounts_397,accounts_397
accounts_398,accounts_398
accounts_399,accounts_399
accounts_400,accounts_400
accounts_401,accounts_401
accounts_402,accounts_402
accounts_403,accounts_403
accounts_404,accounts_404
accounts_405,accounts_405
accounts_406,accounts_406
accounts_407,accounts_407
accounts_408,accounts_408
accounts_409,accounts_409
accounts_410,accounts_410
accounts_411,accounts_411
accounts_412,accounts_412
accounts_413,accounts_413
accounts_414,accounts_414
accounts_415,accounts_415
accounts_416,accounts_416
accounts_417,accounts_417
accounts_418,accounts_418
accounts_419,accounts_419
accounts_420,accounts_420
accounts_421,accounts_421
accounts_422,accounts_422
accounts_423,accounts_423
accounts_424,accounts_424
accounts_425,accounts_425
accounts_426,accounts_426
accounts_427,accounts_427
accounts_428,accounts_428
accounts_429,accounts_429
accounts_430,accounts_430
accounts_431,accounts_431
accounts_432,accounts_432
accounts_433,accounts_433
accounts_434,accounts_434
accounts_435,accounts_435
accounts_436,accounts_436
accounts_437,accounts_437
accounts_438,accounts_438
accounts_439,accounts_439
accounts_440,accounts_440
accounts_441,accounts_441
accounts_442,accounts_442
accounts_443,accounts_443
accounts_444,accounts_444
accounts_445,accounts_445
accounts_446,accounts_446
accounts_447,accounts_447
accounts_448,accounts_448
accounts_449,accounts_449
accounts_450,accounts_450
accounts_451,accounts_451
accounts_452,accounts_452
accounts_453,accounts_453
accounts_454,accounts_454
accounts_455,accounts_455
accounts_456,accounts_456
accounts_457,accounts_457
accounts_458,accounts_458
accounts_459,accounts_459
accounts_460,accounts_460
accounts_461,accounts_461
accounts_462,accounts_462
accounts_463,accounts_463
accounts_464,accounts_464
accounts_465,accounts_465
accounts_466,accounts_466
accounts_467,accounts_467
accounts_468,accounts_468
accounts_469,accounts_469
accounts_470,accounts_470
accounts_471,accounts_471
accounts_472,accounts_472
accounts_473,accounts_473
accounts_474,accounts_474
accounts_475,accounts_475
accounts_476,accounts_476
accounts_477,accounts_477
accounts_478,accounts_478
accounts_479,accounts_479
accounts_480,accounts_480
accounts_481,accounts_481
accounts_482,accounts_482
accounts_483,accounts_483
accounts_484,accounts_484
accounts_485,accounts_485
accounts_486,accounts_486
accounts_487,accounts_487
accounts_488,accounts_488
accounts_489,accounts_489
accounts_490,accounts_490
accounts_491,accounts_491
accounts_492,accounts_492
accounts_493,accounts_493
accounts_494,accounts_494
accounts_495,accounts_495
accounts_496,accounts_496
accounts_497,accounts_497
accounts_498,accounts_498
accounts_499,accounts_499
accounts_500,accounts_500
accounts_501,accounts_501
accounts_502,accounts_502
accounts_503,accounts_503
accounts_504,accounts_504
accounts_505,accounts_505
accounts_506,accounts_506
accounts_507,accounts_507
accounts_508,accounts_508
accounts_509,accounts_509
accounts_510,accounts_510
accounts_511,accounts_511
accounts_512,accounts_512
accounts_513,accounts_513
accounts_514,accounts_514
accounts_515,accounts_515
accounts_516,accounts_516
accounts_517,accounts_517
accounts_518,accounts_518
accounts_519,accounts_519
accounts_520,accounts_520
accounts_521,accounts_521
accounts_522,accounts_522
accounts_523,accounts_523
accounts_524,accounts_524
accounts_525,accounts_525
accounts_526,accounts_526
accounts_527,accounts_527
accounts_528,accounts_528
accounts_529,accounts_529
accounts_530,accounts_530
accounts_531,accounts_531
accounts_532,accounts_532
accounts_533,accounts_533
accounts_534,accounts_534
accounts_535,accounts_535
accounts_536,accounts_536
accounts_537,accounts_537
accounts_538,accounts_538
accounts_539,accounts_539
accounts_540,accounts_540
accounts_541,accounts_541
accounts_542,accounts_542
accounts_543,accounts_543
accounts_544,accounts_544
accounts_545,accounts_545
accounts_546,accounts_546
accounts_547,accounts_547
accounts_548,accounts_548
accounts_549,accounts_549
accounts_550,accounts_550
accounts_551,accounts_551
accounts_552,accounts_552
accounts_553,accounts_553
accounts_554,accounts_554
accounts_555,accounts_555
accounts_556,accounts_556
accounts_557,accounts_557
accounts_558,accounts_558
accounts_559,accounts_559
accounts_560,accounts_560
accounts_561,accounts_561
accounts_562,accounts_562
accounts_563,accounts_563
accounts_564,accounts_564
accounts_565,accounts_565
accounts_566,accounts_566
accounts_567,accounts_567
accounts_568,accounts_568
accounts_569,accounts_569
accounts_570,accounts_570
accounts_571,accounts_571
accounts_572,accounts_572
accounts_573,accounts_573
accounts_574,accounts_574
accounts_575,accounts_575
accounts_576,accounts_576
accounts_577,accounts_577
accounts_578,accounts_578
accounts_579,accounts_579
accounts_580,accounts_580
accounts_581,accounts_581
accounts_582,accounts_582
accounts_583,accounts_583
accounts_584,accounts_584
accounts_585,accounts_585
accounts_586,accounts_586
accounts_587,accounts_587
accounts_588,accounts_588
accounts_589,accounts_589
accounts_590,accounts_590
accounts_591,accounts_591
accounts_592,accounts_592
accounts_593,accounts_593
accounts_594,accounts_594
accounts_595,accounts_595
accounts_596,accounts_596
accounts_597,accounts_597
accounts_598,accounts_598
accounts_599,accounts_599
accounts_600,accounts_600
accounts_601,accounts_601
accounts_602,accounts_602
accounts_603,accounts_603
accounts_604,accounts_604
accounts_605,accounts_605
accounts_606,accounts_606
accounts_607,accounts_607
accounts_608,accounts_608
accounts_609,accounts_609
accounts_610,accounts_610
accounts_611,accounts_611
accounts_612,accounts_612
accounts_613,accounts_613
accounts_614,accounts_614
accounts_615,accounts_615
accounts_616,accounts_616
accounts_617,accounts_617
accounts_618,accounts_618
accounts_619,accounts_619
accounts_620,accounts_620
accounts_621,accounts_621
accounts_622,accounts_622
accounts_623,accounts_623
accounts_624,accounts_624
accounts_625,accounts_625
accounts_626,accounts_626
accounts_627,accounts_627
accounts_628,accounts_628
accounts_629,accounts_629
accounts_630,accounts_630
accounts_631,accounts_631
accounts_632,accounts_632
accounts_633,accounts_633
accounts_634,accounts_634
accounts_635,accounts_635
accounts_636,accounts_636
accounts_637,accounts_637
accounts_638,accounts_638
accounts_639,accounts_639
accounts_640,accounts_640
accounts_641,accounts_641
accounts_642,accounts_642
accounts_643,accounts_643
accounts_644,accounts_644
accounts_645,accounts_645
accounts_646,accounts_646
accounts_647,accounts_647
accounts_648,accounts_648
accounts_649,accounts_649
accounts_650,accounts_650
accounts_651,accounts_651
accounts_652,accounts_652
accounts_653,accounts_653
accounts_654,accounts_654
accounts_655,accounts_655
accounts_656,accounts_656
accounts_657,accounts_657
accounts_658,accounts_658
accounts_659,accounts_659
accounts_660,accounts_660
accounts_661,accounts_661
accounts_662,accounts_662
accounts_663,accounts_663
accounts_664,accounts_664
accounts_665,accounts_665
accounts_666,accounts_666
accounts_667,accounts_667
accounts_668,accounts_668
accounts_669,accounts_669
accounts_670,accounts_670
accounts_671,accounts_671
accounts_672,accounts_672
accounts_673,accounts_673
accounts_674,accounts_674
accounts_675,accounts_675
accounts_676,accounts_676
accounts_677,accounts_677
accounts_678,accounts_678
accounts_679,accounts_679
accounts_680,accounts_680
accounts_681,accounts_681
accounts_682,accounts_682
accounts_683,accounts_683
accounts_684,accounts_684
accounts_685,accounts_685
accounts_686,accounts_686
accounts_687,accounts_687
accounts_688,accounts_688
accounts_689,accounts_689
accounts_690,accounts_690
accounts_691,accounts_691
accounts_692,accounts_692
accounts_693,accounts_693
accounts_694,accounts_694
accounts_695,accounts_695
accounts_696,accounts_696
accounts_697,accounts_697
accounts_698,accounts_698
accounts_699,accounts_699
accounts_700,accounts_700
accounts_701,accounts_701
accounts_702,accounts_702
accounts_703,accounts_703
accounts_704,accounts_704
accounts_705,accounts_705
accounts_706,accounts_706
accounts_707,accounts_707
accounts_708,accounts_708
accounts_709,accounts_709
accounts_710,accounts_710
accounts_711,accounts_711
accounts_712,accounts_712
accounts_713,accounts_713
accounts_714,accounts_714
accounts_715,accounts_715
accounts_716,accounts_716
accounts_717,accounts_717
accounts_718,accounts_718
accounts_719,accounts_719
accounts_720,accounts_720
accounts_721,accounts_721
accounts_722,accounts_722
accounts_723,accounts_723
accounts_724,accounts_724
accounts_725,accounts_725
accounts_726,accounts_726
accounts_727,accounts_727
accounts_728,accounts_728
accounts_729,accounts_729
accounts_730,accounts_730
accounts_731,accounts_731
accounts_732,accounts_732
accounts_733,accounts_733
accounts_734,accounts_734
accounts_735,accounts_735
accounts_736,accounts_736
accounts_737,accounts_737
accounts_738,accounts_738
accounts_739,accounts_739
accounts_740,accounts_740
accounts_741,accounts_741
accounts_742,accounts_742
accounts_743,accounts_743
accounts_744,accounts_744
accounts_745,accounts_745
accounts_746,accounts_746
accounts_747,accounts_747
accounts_748,accounts_748
accounts_749,accounts_749
accounts_750,accounts_750
accounts_751,accounts_751
accounts_752,accounts_752
accounts_753,accounts_753
accounts_754,accounts_754
accounts_755,accounts_755
accounts_756,accounts_756
accounts_757,accounts_757
accounts_758,accounts_758
accounts_759,accounts_759
accounts_760,accounts_760
accounts_761,accounts_761
accounts_762,accounts_762
accounts_763,accounts_763
accounts_764,accounts_764
accounts_765,accounts_765
accounts_766,accounts_766
accounts_767,accounts_767
accounts_768,accounts_768
accounts_769,accounts_769
accounts_770,accounts_770
accounts_771,accounts_771
accounts_772,accounts_772
accounts_773,accounts_773
accounts_774,accounts_774
accounts_775,accounts_775
accounts_776,accounts_776
accounts_777,accounts_777
accounts_778,accounts_778
accounts_779,accounts_779
accounts_780,accounts_780
accounts_781,accounts_781
accounts_782,accounts_782
accounts_783,accounts_783
accounts_784,accounts_784
accounts_785,accounts_785
accounts_786,accounts_786
accounts_787,accounts_787
accounts_788,accounts_788
accounts_789,accounts_789
accounts_790,accounts_790
accounts_791,accounts_791
accounts_792,accounts_792
accounts_793,accounts_793
accounts_794,accounts_794
accounts_795,accounts_795
accounts_796,accounts_796
accounts_797,accounts_797
accounts_798,accounts_798
accounts_799,accounts_799
accounts_800,accounts_800
accounts_801,accounts_801
accounts_802,accounts_802
accounts_803,accounts_803
accounts_804,accounts_804
accounts_805,accounts_805
accounts_806,accounts_806
accounts_807,accounts_807
accounts_808,accounts_808
accounts_809,accounts_809
accounts_810,accounts_810
accounts_811,accounts_811
accounts_812,accounts_812
accounts_813,accounts_813
accounts_814,accounts_814
accounts_815,accounts_815
accounts_816,accounts_816
accounts_817,accounts_817
accounts_818,accounts_818
accounts_819,accounts_819
accounts_820,accounts_820
accounts_821,accounts_821
accounts_822,accounts_822
accounts_823,accounts_823
accounts_824,accounts_824
accounts_825,accounts_825
accounts_826,accounts_826
accounts_827,accounts_827
accounts_828,accounts_828
accounts_829,accounts_829
accounts_830,accounts_830
accounts_831,accounts_831
accounts_832,accounts_832
accounts_833,accounts_833
accounts_834,accounts_834
accounts_835,accounts_835
accounts_836,accounts_836
accounts_837,accounts_837
accounts_838,accounts_838
accounts_839,accounts_839
accounts_840,accounts_840
accounts_841,accounts_841
accounts_842,accounts_842
accounts_843,accounts_843
accounts_844,accounts_844
accounts_845,accounts_845
accounts_846,accounts_846
accounts_847,accounts_847
accounts_848,accounts_848
accounts_849,accounts_849
accounts_850,accounts_850
accounts_851,accounts_851
accounts_852,accounts_852
accounts_853,accounts_853
accounts_854,accounts_854
accounts_855,accounts_855
accounts_856,accounts_856
accounts_857,accounts_857
accounts_858,accounts_858
accounts_859,accounts_859
accounts_860,accounts_860
accounts_861,accounts_861
accounts_862,accounts_862
accounts_863,accounts_863
accounts_864,accounts_864
accounts_865,accounts_865
accounts_866,accounts_866
accounts_867,accounts_867
accounts_868,accounts_868
accounts_869,accounts_869
accounts_870,accounts_870
accounts_871,accounts_871
accounts_872,accounts_872
accounts_873,accounts_873
accounts_874,accounts_874
accounts_875,accounts_875
accounts_876,accounts_876
accounts_877,accounts_877
accounts_878,accounts_878
accounts_879,accounts_879
accounts_880,accounts_880
accounts_881,accounts_881
accounts_882,accounts_882
accounts_883,accounts_883
accounts_884,accounts_884
accounts_885,accounts_885
accounts_886,accounts_886
accounts_887,accounts_887
accounts_888,accounts_888
accounts_889,accounts_889
accounts_890,accounts_890
accounts_891,accounts_891
accounts_892,accounts_892
accounts_893,accounts_893
accounts_894,accounts_894
accounts_895,accounts_895
accounts_896,accounts_896
accounts_897,accounts_897
accounts_898,accounts_898
accounts_899,accounts_899
accounts_900,accounts_900
accounts_901,accounts_901
accounts_902,accounts_902
accounts_903,accounts_903
accounts_904,accounts_904
accounts_905,accounts_905
accounts_906,accounts_906
accounts_907,accounts_907
accounts_908,accounts_908
accounts_909,accounts_909
accounts_910,accounts_910
accounts_911,accounts_911
accounts_912,accounts_912
accounts_913,accounts_913
accounts_914,accounts_914
accounts_915,accounts_915
accounts_916,accounts_916
accounts_917,accounts_917
accounts_918,accounts_918
accounts_919,accounts_919
accounts_920,accounts_920
accounts_921,accounts_921
accounts_922,accounts_922
accounts_923,accounts_923
accounts_924,accounts_924
accounts_925,accounts_925
accounts_926,accounts_926
accounts_927,accounts_927
accounts_928,accounts_928
accounts_929,accounts_929
accounts_930,accounts_930
accounts_931,accounts_931
accounts_932,accounts_932
accounts_933,accounts_933
accounts_934,accounts_934
accounts_935,accounts_935
accounts_936,accounts_936
accounts_937,accounts_937
accounts_938,accounts_938
accounts_939,accounts_939
accounts_940,accounts_940
accounts_941,accounts_941
accounts_942,accounts_942
accounts_943,accounts_943
accounts_944,accounts_944
accounts_945,accounts_945
accounts_946,accounts_946
accounts_947,accounts_947
accounts_948,accounts_948
accounts_949,accounts_949
accounts_950,accounts_950
accounts_951,accounts_951
accounts_952,accounts_952
accounts_953,accounts_953
accounts_954,accounts_954
accounts_955,accounts_955
accounts_956,accounts_956
accounts_957,accounts_957
accounts_958,accounts_958
accounts_959,accounts_959
accounts_960,accounts_960
accounts_961,accounts_961
accounts_962,accounts_962
accounts_963,accounts_963
accounts_964,accounts_964
accounts_965,accounts_965
accounts_966,accounts_966
accounts_967,accounts_967
accounts_968,accounts_968
accounts_969,accounts_969
accounts_970,accounts_970
accounts_971,accounts_971
accounts_972,accounts_972
accounts_973,accounts_973
accounts_974,accounts_974
accounts_975,accounts_975
accounts_976,accounts_976
accounts_977,accounts_977
accounts_978,accounts_978
accounts_979,accounts_979
accounts_980,accounts_980
accounts_981,accounts_981
accounts_982,accounts_982
accounts_983,accounts_983
accounts_984,accounts_984
accounts_985,accounts_985
accounts_986,accounts_986
accounts_987,accounts_987
accounts_988,accounts_988
accounts_989,accounts_989
accounts_990,accounts_990
accounts_991,accounts_991
accounts_992,accounts_992
accounts_993,accounts_993
accounts_994,accounts_994
accounts_995,accounts_995
accounts_996,accounts_996
accounts_997,accounts_997
accounts_998,accounts_998
accounts_999,accounts_999