MainCategoryID,ExternalID
items_0,item_0
items_0,item_1
items_0,item_2
items_0,item_3
items_0,item_4
items_0,item_5
items_0,item_6
items_0,item_7
items_0,item_8
items_0,item_9
items_0,item_10
items_0,item_11
items_0,item_12
items_0,item_13
items_0,item_14
items_0,item_15
items_0,item_16
items_0,item_17
items_0,item_18
items_0,item_19
items_0,item_20
items_0,item_21
items_0,item_22
items_0,item_23
items_0,item_24
items_0,item_25
items_0,item_26
items_0,item_27
items_0,item_28
items_0,item_29
items_0,item_30
items_0,item_31
items_0,item_32
items_0,item_33
items_0,item_34
items_0,item_35
items_0,item_36
items_0,item_37
items_0,item_38
items_0,item_39
items_0,item_40
items_0,item_41
items_0,item_42
items_0,item_43
items_0,item_44
items_0,item_45
items_0,item_46
items_0,item_47
items_0,item_48
items_0,item_49
items_0,item_50
items_0,item_51
items_0,item_52
items_0,item_53
items_0,item_54
items_0,item_55
items_0,item_56
items_0,item_57
items_0,item_58
items_0,item_59
items_0,item_60
items_0,item_61
items_0,item_62
items_0,item_63
items_0,item_64
items_0,item_65
items_0,item_66
items_0,item_67
items_0,item_68
items_0,item_69
items_0,item_70
items_0,item_71
items_0,item_72
items_0,item_73
items_0,item_74
items_0,item_75
items_0,item_76
items_0,item_77
items_0,item_78
items_0,item_79
items_0,item_80
items_0,item_81
items_0,item_82
items_0,item_83
items_0,item_84
items_0,item_85
items_0,item_86
items_0,item_87
items_0,item_88
items_0,item_89
items_0,item_90
items_0,item_91
items_0,item_92
items_0,item_93
items_0,item_94
items_0,item_95
items_0,item_96
items_0,item_97
items_0,item_98
items_0,item_99
items_0,item_100
items_0,item_101
items_0,item_102
items_0,item_103
items_0,item_104
items_0,item_105
items_0,item_106
items_0,item_107
items_0,item_108
items_0,item_109
items_0,item_110
items_0,item_111
items_0,item_112
items_0,item_113
items_0,item_114
items_0,item_115
items_0,item_116
items_0,item_117
items_0,item_118
items_0,item_119
items_0,item_120
items_0,item_121
items_0,item_122
items_0,item_123
items_0,item_124
items_0,item_125
items_0,item_126
items_0,item_127
items_0,item_128
items_0,item_129
items_0,item_130
items_0,item_131
items_0,item_132
items_0,item_133
items_0,item_134
items_0,item_135
items_0,item_136
items_0,item_137
items_0,item_138
items_0,item_139
items_0,item_140
items_0,item_141
items_0,item_142
items_0,item_143
items_0,item_144
items_0,item_145
items_0,item_146
items_0,item_147
items_0,item_148
items_0,item_149
items_0,item_150
items_0,item_151
items_0,item_152
items_0,item_153
items_0,item_154
items_0,item_155
items_0,item_156
items_0,item_157
items_0,item_158
items_0,item_159
items_0,item_160
items_0,item_161
items_0,item_162
items_0,item_163
items_0,item_164
items_0,item_165
items_0,item_166
items_0,item_167
items_0,item_168
items_0,item_169
items_0,item_170
items_0,item_171
items_0,item_172
items_0,item_173
items_0,item_174
items_0,item_175
items_0,item_176
items_0,item_177
items_0,item_178
items_0,item_179
items_0,item_180
items_0,item_181
items_0,item_182
items_0,item_183
items_0,item_184
items_0,item_185
items_0,item_186
items_0,item_187
items_0,item_188
items_0,item_189
items_0,item_190
items_0,item_191
items_0,item_192
items_0,item_193
items_0,item_194
items_0,item_195
items_0,item_196
items_0,item_197
items_0,item_198
items_0,item_199
items_0,item_200
items_0,item_201
items_0,item_202
items_0,item_203
items_0,item_204
items_0,item_205
items_0,item_206
items_0,item_207
items_0,item_208
items_0,item_209
items_0,item_210
items_0,item_211
items_0,item_212
items_0,item_213
items_0,item_214
items_0,item_215
items_0,item_216
items_0,item_217
items_0,item_218
items_0,item_219
items_0,item_220
items_0,item_221
items_0,item_222
items_0,item_223
items_0,item_224
items_0,item_225
items_0,item_226
items_0,item_227
items_0,item_228
items_0,item_229
items_0,item_230
items_0,item_231
items_0,item_232
items_0,item_233
items_0,item_234
items_0,item_235
items_0,item_236
items_0,item_237
items_0,item_238
items_0,item_239
items_0,item_240
items_0,item_241
items_0,item_242
items_0,item_243
items_0,item_244
items_0,item_245
items_0,item_246
items_0,item_247
items_0,item_248
items_0,item_249
items_0,item_250
items_0,item_251
items_0,item_252
items_0,item_253
items_0,item_254
items_0,item_255
items_0,item_256
items_0,item_257
items_0,item_258
items_0,item_259
items_0,item_260
items_0,item_261
items_0,item_262
items_0,item_263
items_0,item_264
items_0,item_265
items_0,item_266
items_0,item_267
items_0,item_268
items_0,item_269
items_0,item_270
items_0,item_271
items_0,item_272
items_0,item_273
items_0,item_274
items_0,item_275
items_0,item_276
items_0,item_277
items_0,item_278
items_0,item_279
items_0,item_280
items_0,item_281
items_0,item_282
items_0,item_283
items_0,item_284
items_0,item_285
items_0,item_286
items_0,item_287
items_0,item_288
items_0,item_289
items_0,item_290
items_0,item_291
items_0,item_292
items_0,item_293
items_0,item_294
items_0,item_295
items_0,item_296
items_0,item_297
items_0,item_298
items_0,item_299
items_0,item_300
items_0,item_301
items_0,item_302
items_0,item_303
items_0,item_304
items_0,item_305
items_0,item_306
items_0,item_307
items_0,item_308
items_0,item_309
items_0,item_310
items_0,item_311
items_0,item_312
items_0,item_313
items_0,item_314
items_0,item_315
items_0,item_316
items_0,item_317
items_0,item_318
items_0,item_319
items_0,item_320
items_0,item_321
items_0,item_322
items_0,item_323
items_0,item_324
items_0,item_325
items_0,item_326
items_0,item_327
items_0,item_328
items_0,item_329
items_0,item_330
items_0,item_331
items_0,item_332
items_0,item_333
items_0,item_334
items_0,item_335
items_0,item_336
items_0,item_337
items_0,item_338
items_0,item_339
items_0,item_340
items_0,item_341
items_0,item_342
items_0,item_343
items_0,item_344
items_0,item_345
items_0,item_346
items_0,item_347
items_0,item_348
items_0,item_349
items_0,item_350
items_0,item_351
items_0,item_352
items_0,item_353
items_0,item_354
items_0,item_355
items_0,item_356
items_0,item_357
items_0,item_358
items_0,item_359
items_0,item_360
items_0,item_361
items_0,item_362
items_0,item_363
items_0,item_364
items_0,item_365
items_0,item_366
items_0,item_367
items_0,item_368
items_0,item_369
items_0,item_370
items_0,item_371
items_0,item_372
items_0,item_373
items_0,item_374
items_0,item_375
items_0,item_376
items_0,item_377
items_0,item_378
items_0,item_379
items_0,item_380
items_0,item_381
items_0,item_382
items_0,item_383
items_0,item_384
items_0,item_385
items_0,item_386
items_0,item_387
items_0,item_388
items_0,item_389
items_0,item_390
items_0,item_391
items_0,item_392
items_0,item_393
items_0,item_394
items_0,item_395
items_0,item_396
items_0,item_397
items_0,item_398
items_0,item_399
items_0,item_400
items_0,item_401
items_0,item_402
items_0,item_403
items_0,item_404
items_0,item_405
items_0,item_406
items_0,item_407
items_0,item_408
items_0,item_409
items_0,item_410
items_0,item_411
items_0,item_412
items_0,item_413
items_0,item_414
items_0,item_415
items_0,item_416
items_0,item_417
items_0,item_418
items_0,item_419
items_0,item_420
items_0,item_421
items_0,item_422
items_0,item_423
items_0,item_424
items_0,item_425
items_0,item_426
items_0,item_427
items_0,item_428
items_0,item_429
items_0,item_430
items_0,item_431
items_0,item_432
items_0,item_433
items_0,item_434
items_0,item_435
items_0,item_436
items_0,item_437
items_0,item_438
items_0,item_439
items_0,item_440
items_0,item_441
items_0,item_442
items_0,item_443
items_0,item_444
items_0,item_445
items_0,item_446
items_0,item_447
items_0,item_448
items_0,item_449
items_0,item_450
items_0,item_451
items_0,item_452
items_0,item_453
items_0,item_454
items_0,item_455
items_0,item_456
items_0,item_457
items_0,item_458
items_0,item_459
items_0,item_460
items_0,item_461
items_0,item_462
items_0,item_463
items_0,item_464
items_0,item_465
items_0,item_466
items_0,item_467
items_0,item_468
items_0,item_469
items_0,item_470
items_0,item_471
items_0,item_472
items_0,item_473
items_0,item_474
items_0,item_475
items_0,item_476
items_0,item_477
items_0,item_478
items_0,item_479
items_0,item_480
items_0,item_481
items_0,item_482
items_0,item_483
items_0,item_484
items_0,item_485
items_0,item_486
items_0,item_487
items_0,item_488
items_0,item_489
items_0,item_490
items_0,item_491
items_0,item_492
items_0,item_493
items_0,item_494
items_0,item_495
items_0,item_496
items_0,item_497
items_0,item_498
items_0,item_499
items_0,item_500
items_0,item_501
items_0,item_502
items_0,item_503
items_0,item_504
items_0,item_505
items_0,item_506
items_0,item_507
items_0,item_508
items_0,item_509
items_0,item_510
items_0,item_511
items_0,item_512
items_0,item_513
items_0,item_514
items_0,item_515
items_0,item_516
items_0,item_517
items_0,item_518
items_0,item_519
items_0,item_520
items_0,item_521
items_0,item_522
items_0,item_523
items_0,item_524
items_0,item_525
items_0,item_526
items_0,item_527
items_0,item_528
items_0,item_529
items_0,item_530
items_0,item_531
items_0,item_532
items_0,item_533
items_0,item_534
items_0,item_535
items_0,item_536
items_0,item_537
items_0,item_538
items_0,item_539
items_0,item_540
items_0,item_541
items_0,item_542
items_0,item_543
items_0,item_544
items_0,item_545
items_0,item_546
items_0,item_547
items_0,item_548
items_0,item_549
items_0,item_550
items_0,item_551
items_0,item_552
items_0,item_553
items_0,item_554
items_0,item_555
items_0,item_556
items_0,item_557
items_0,item_558
items_0,item_559
items_0,item_560
items_0,item_561
items_0,item_562
items_0,item_563
items_0,item_564
items_0,item_565
items_0,item_566
items_0,item_567
items_0,item_568
items_0,item_569
items_0,item_570
items_0,item_571
items_0,item_572
items_0,item_573
items_0,item_574
items_0,item_575
items_0,item_576
items_0,item_577
items_0,item_578
items_0,item_579
items_0,item_580
items_0,item_581
items_0,item_582
items_0,item_583
items_0,item_584
items_0,item_585
items_0,item_586
items_0,item_587
items_0,item_588
items_0,item_589
items_0,item_590
items_0,item_591
items_0,item_592
items_0,item_593
items_0,item_594
items_0,item_595
items_0,item_596
items_0,item_597
items_0,item_598
items_0,item_599
items_0,item_600
items_0,item_601
items_0,item_602
items_0,item_603
items_0,item_604
items_0,item_605
items_0,item_606
items_0,item_607
items_0,item_608
items_0,item_609
items_0,item_610
items_0,item_611
items_0,item_612
items_0,item_613
items_0,item_614
items_0,item_615
items_0,item_616
items_0,item_617
items_0,item_618
items_0,item_619
items_0,item_620
items_0,item_621
items_0,item_622
items_0,item_623
items_0,item_624
items_0,item_625
items_0,item_626
items_0,item_627
items_0,item_628
items_0,item_629
items_0,item_630
items_0,item_631
items_0,item_632
items_0,item_633
items_0,item_634
items_0,item_635
items_0,item_636
items_0,item_637
items_0,item_638
items_0,item_639
items_0,item_640
items_0,item_641
items_0,item_642
items_0,item_643
items_0,item_644
items_0,item_645
items_0,item_646
items_0,item_647
items_0,item_648
items_0,item_649
items_0,item_650
items_0,item_651
items_0,item_652
items_0,item_653
items_0,item_654
items_0,item_655
items_0,item_656
items_0,item_657
items_0,item_658
items_0,item_659
items_0,item_660
items_0,item_661
items_0,item_662
items_0,item_663
items_0,item_664
items_0,item_665
items_0,item_666
items_0,item_667
items_0,item_668
items_0,item_669
items_0,item_670
items_0,item_671
items_0,item_672
items_0,item_673
items_0,item_674
items_0,item_675
items_0,item_676
items_0,item_677
items_0,item_678
items_0,item_679
items_0,item_680
items_0,item_681
items_0,item_682
items_0,item_683
items_0,item_684
items_0,item_685
items_0,item_686
items_0,item_687
items_0,item_688
items_0,item_689
items_0,item_690
items_0,item_691
items_0,item_692
items_0,item_693
items_0,item_694
items_0,item_695
items_0,item_696
items_0,item_697
items_0,item_698
items_0,item_699
items_0,item_700
items_0,item_701
items_0,item_702
items_0,item_703
items_0,item_704
items_0,item_705
items_0,item_706
items_0,item_707
items_0,item_708
items_0,item_709
items_0,item_710
items_0,item_711
items_0,item_712
items_0,item_713
items_0,item_714
items_0,item_715
items_0,item_716
items_0,item_717
items_0,item_718
items_0,item_719
items_0,item_720
items_0,item_721
items_0,item_722
items_0,item_723
items_0,item_724
items_0,item_725
items_0,item_726
items_0,item_727
items_0,item_728
items_0,item_729
items_0,item_730
items_0,item_731
items_0,item_732
items_0,item_733
items_0,item_734
items_0,item_735
items_0,item_736
items_0,item_737
items_0,item_738
items_0,item_739
items_0,item_740
items_0,item_741
items_0,item_742
items_0,item_743
items_0,item_744
items_0,item_745
items_0,item_746
items_0,item_747
items_0,item_748
items_0,item_749
items_0,item_750
items_0,item_751
items_0,item_752
items_0,item_753
items_0,item_754
items_0,item_755
items_0,item_756
items_0,item_757
items_0,item_758
items_0,item_759
items_0,item_760
items_0,item_761
items_0,item_762
items_0,item_763
items_0,item_764
items_0,item_765
items_0,item_766
items_0,item_767
items_0,item_768
items_0,item_769
items_0,item_770
items_0,item_771
items_0,item_772
items_0,item_773
items_0,item_774
items_0,item_775
items_0,item_776
items_0,item_777
items_0,item_778
items_0,item_779
items_0,item_780
items_0,item_781
items_0,item_782
items_0,item_783
items_0,item_784
items_0,item_785
items_0,item_786
items_0,item_787
items_0,item_788
items_0,item_789
items_0,item_790
items_0,item_791
items_0,item_792
items_0,item_793
items_0,item_794
items_0,item_795
items_0,item_796
items_0,item_797
items_0,item_798
items_0,item_799
items_0,item_800
items_0,item_801
items_0,item_802
items_0,item_803
items_0,item_804
items_0,item_805
items_0,item_806
items_0,item_807
items_0,item_808
items_0,item_809
items_0,item_810
items_0,item_811
items_0,item_812
items_0,item_813
items_0,item_814
items_0,item_815
items_0,item_816
items_0,item_817
items_0,item_818
items_0,item_819
items_0,item_820
items_0,item_821
items_0,item_822
items_0,item_823
items_0,item_824
items_0,item_825
items_0,item_826
items_0,item_827
items_0,item_828
items_0,item_829
items_0,item_830
items_0,item_831
items_0,item_832
items_0,item_833
items_0,item_834
items_0,item_835
items_0,item_836
items_0,item_837
items_0,item_838
items_0,item_839
items_0,item_840
items_0,item_841
items_0,item_842
items_0,item_843
items_0,item_844
items_0,item_845
items_0,item_846
items_0,item_847
items_0,item_848
items_0,item_849
items_0,item_850
items_0,item_851
items_0,item_852
items_0,item_853
items_0,item_854
items_0,item_855
items_0,item_856
items_0,item_857
items_0,item_858
items_0,item_859
items_0,item_860
items_0,item_861
items_0,item_862
items_0,item_863
items_0,item_864
items_0,item_865
items_0,item_866
items_0,item_867
items_0,item_868
items_0,item_869
items_0,item_870
items_0,item_871
items_0,item_872
items_0,item_873
items_0,item_874
items_0,item_875
items_0,item_876
items_0,item_877
items_0,item_878
items_0,item_879
items_0,item_880
items_0,item_881
items_0,item_882
items_0,item_883
items_0,item_884
items_0,item_885
items_0,item_886
items_0,item_887
items_0,item_888
items_0,item_889
items_0,item_890
items_0,item_891
items_0,item_892
items_0,item_893
items_0,item_894
items_0,item_895
items_0,item_896
items_0,item_897
items_0,item_898
items_0,item_899
items_0,item_900
items_0,item_901
items_0,item_902
items_0,item_903
items_0,item_904
items_0,item_905
items_0,item_906
items_0,item_907
items_0,item_908
items_0,item_909
items_0,item_910
items_0,item_911
items_0,item_912
items_0,item_913
items_0,item_914
items_0,item_915
items_0,item_916
items_0,item_917
items_0,item_918
items_0,item_919
items_0,item_920
items_0,item_921
items_0,item_922
items_0,item_923
items_0,item_924
items_0,item_925
items_0,item_926
items_0,item_927
items_0,item_928
items_0,item_929
items_0,item_930
items_0,item_931
items_0,item_932
items_0,item_933
items_0,item_934
items_0,item_935
items_0,item_936
items_0,item_937
items_0,item_938
items_0,item_939
items_0,item_940
items_0,item_941
items_0,item_942
items_0,item_943
items_0,item_944
items_0,item_945
items_0,item_946
items_0,item_947
items_0,item_948
items_0,item_949
items_0,item_950
items_0,item_951
items_0,item_952
items_0,item_953
items_0,item_954
items_0,item_955
items_0,item_956
items_0,item_957
items_0,item_958
items_0,item_959
items_0,item_960
items_0,item_961
items_0,item_962
items_0,item_963
items_0,item_964
items_0,item_965
items_0,item_966
items_0,item_967
items_0,item_968
items_0,item_969
items_0,item_970
items_0,item_971
items_0,item_972
items_0,item_973
items_0,item_974
items_0,item_975
items_0,item_976
items_0,item_977
items_0,item_978
items_0,item_979
items_0,item_980
items_0,item_981
items_0,item_982
items_0,item_983
items_0,item_984
items_0,item_985
items_0,item_986
items_0,item_987
items_0,item_988
items_0,item_989
items_0,item_990
items_0,item_991
items_0,item_992
items_0,item_993
items_0,item_994
items_0,item_995
items_0,item_996
items_0,item_997
items_0,item_998
items_0,item_999
items_0,item_1000
items_0,item_1001
items_0,item_1002
items_0,item_1003
items_0,item_1004
items_0,item_1005
items_0,item_1006
items_0,item_1007
items_0,item_1008
items_0,item_1009
items_0,item_1010
items_0,item_1011
items_0,item_1012
items_0,item_1013
items_0,item_1014
items_0,item_1015
items_0,item_1016
items_0,item_1017
items_0,item_1018
items_0,item_1019
items_0,item_1020
items_0,item_1021
items_0,item_1022
items_0,item_1023
items_0,item_1024
items_0,item_1025
items_0,item_1026
items_0,item_1027
items_0,item_1028
items_0,item_1029
items_0,item_1030
items_0,item_1031
items_0,item_1032
items_0,item_1033
items_0,item_1034
items_0,item_1035
items_0,item_1036
items_0,item_1037
items_0,item_1038
items_0,item_1039
items_0,item_1040
items_0,item_1041
items_0,item_1042
items_0,item_1043
items_0,item_1044
items_0,item_1045
items_0,item_1046
items_0,item_1047
items_0,item_1048
items_0,item_1049
items_0,item_1050
items_0,item_1051
items_0,item_1052
items_0,item_1053
items_0,item_1054
items_0,item_1055
items_0,item_1056
items_0,item_1057
items_0,item_1058
items_0,item_1059
items_0,item_1060
items_0,item_1061
items_0,item_1062
items_0,item_1063
items_0,item_1064
items_0,item_1065
items_0,item_1066
items_0,item_1067
items_0,item_1068
items_0,item_1069
items_0,item_1070
items_0,item_1071
items_0,item_1072
items_0,item_1073
items_0,item_1074
items_0,item_1075
items_0,item_1076
items_0,item_1077
items_0,item_1078
items_0,item_1079
items_0,item_1080
items_0,item_1081
items_0,item_1082
items_0,item_1083
items_0,item_1084
items_0,item_1085
items_0,item_1086
items_0,item_1087
items_0,item_1088
items_0,item_1089
items_0,item_1090
items_0,item_1091
items_0,item_1092
items_0,item_1093
items_0,item_1094
items_0,item_1095
items_0,item_1096
items_0,item_1097
items_0,item_1098
items_0,item_1099
items_0,item_1100
items_0,item_1101
items_0,item_1102
items_0,item_1103
items_0,item_1104
items_0,item_1105
items_0,item_1106
items_0,item_1107
items_0,item_1108
items_0,item_1109
items_0,item_1110
items_0,item_1111
items_0,item_1112
items_0,item_1113
items_0,item_1114
items_0,item_1115
items_0,item_1116
items_0,item_1117
items_0,item_1118
items_0,item_1119
items_0,item_1120
items_0,item_1121
items_0,item_1122
items_0,item_1123
items_0,item_1124
items_0,item_1125
items_0,item_1126
items_0,item_1127
items_0,item_1128
items_0,item_1129
items_0,item_1130
items_0,item_1131
items_0,item_1132
items_0,item_1133
items_0,item_1134
items_0,item_1135
items_0,item_1136
items_0,item_1137
items_0,item_1138
items_0,item_1139
items_0,item_1140
items_0,item_1141
items_0,item_1142
items_0,item_1143
items_0,item_1144
items_0,item_1145
items_0,item_1146
items_0,item_1147
items_0,item_1148
items_0,item_1149
items_0,item_1150
items_0,item_1151
items_0,item_1152
items_0,item_1153
items_0,item_1154
items_0,item_1155
items_0,item_1156
items_0,item_1157
items_0,item_1158
items_0,item_1159
items_0,item_1160
items_0,item_1161
items_0,item_1162
items_0,item_1163
items_0,item_1164
items_0,item_1165
items_0,item_1166
items_0,item_1167
items_0,item_1168
items_0,item_1169
items_0,item_1170
items_0,item_1171
items_0,item_1172
items_0,item_1173
items_0,item_1174
items_0,item_1175
items_0,item_1176
items_0,item_1177
items_0,item_1178
items_0,item_1179
items_0,item_1180
items_0,item_1181
items_0,item_1182
items_0,item_1183
items_0,item_1184
items_0,item_1185
items_0,item_1186
items_0,item_1187
items_0,item_1188
items_0,item_1189
items_0,item_1190
items_0,item_1191
items_0,item_1192
items_0,item_1193
items_0,item_1194
items_0,item_1195
items_0,item_1196
items_0,item_1197
items_0,item_1198
items_0,item_1199
items_0,item_1200
items_0,item_1201
items_0,item_1202
items_0,item_1203
items_0,item_1204
items_0,item_1205
items_0,item_1206
items_0,item_1207
items_0,item_1208
items_0,item_1209
items_0,item_1210
items_0,item_1211
items_0,item_1212
items_0,item_1213
items_0,item_1214
items_0,item_1215
items_0,item_1216
items_0,item_1217
items_0,item_1218
items_0,item_1219
items_0,item_1220
items_0,item_1221
items_0,item_1222
items_0,item_1223
items_0,item_1224
items_0,item_1225
items_0,item_1226
items_0,item_1227
items_0,item_1228
items_0,item_1229
items_0,item_1230
items_0,item_1231
items_0,item_1232
items_0,item_1233
items_0,item_1234
items_0,item_1235
items_0,item_1236
items_0,item_1237
items_0,item_1238
items_0,item_1239
items_0,item_1240
items_0,item_1241
items_0,item_1242
items_0,item_1243
items_0,item_1244
items_0,item_1245
items_0,item_1246
items_0,item_1247
items_0,item_1248
items_0,item_1249
items_0,item_1250
items_0,item_1251
items_0,item_1252
items_0,item_1253
items_0,item_1254
items_0,item_1255
items_0,item_1256
items_0,item_1257
items_0,item_1258
items_0,item_1259
items_0,item_1260
items_0,item_1261
items_0,item_1262
items_0,item_1263
items_0,item_1264
items_0,item_1265
items_0,item_1266
items_0,item_1267
items_0,item_1268
items_0,item_1269
items_0,item_1270
items_0,item_1271
items_0,item_1272
items_0,item_1273
items_0,item_1274
items_0,item_1275
items_0,item_1276
items_0,item_1277
items_0,item_1278
items_0,item_1279
items_0,item_1280
items_0,item_1281
items_0,item_1282
items_0,item_1283
items_0,item_1284
items_0,item_1285
items_0,item_1286
items_0,item_1287
items_0,item_1288
items_0,item_1289
items_0,item_1290
items_0,item_1291
items_0,item_1292
items_0,item_1293
items_0,item_1294
items_0,item_1295
items_0,item_1296
items_0,item_1297
items_0,item_1298
items_0,item_1299
items_0,item_1300
items_0,item_1301
items_0,item_1302
items_0,item_1303
items_0,item_1304
items_0,item_1305
items_0,item_1306
items_0,item_1307
items_0,item_1308
items_0,item_1309
items_0,item_1310
items_0,item_1311
items_0,item_1312
items_0,item_1313
items_0,item_1314
items_0,item_1315
items_0,item_1316
items_0,item_1317
items_0,item_1318
items_0,item_1319
items_0,item_1320
items_0,item_1321
items_0,item_1322
items_0,item_1323
items_0,item_1324
items_0,item_1325
items_0,item_1326
items_0,item_1327
items_0,item_1328
items_0,item_1329
items_0,item_1330
items_0,item_1331
items_0,item_1332
items_0,item_1333
items_0,item_1334
items_0,item_1335
items_0,item_1336
items_0,item_1337
items_0,item_1338
items_0,item_1339
items_0,item_1340
items_0,item_1341
items_0,item_1342
items_0,item_1343
items_0,item_1344
items_0,item_1345
items_0,item_1346
items_0,item_1347
items_0,item_1348
items_0,item_1349
items_0,item_1350
items_0,item_1351
items_0,item_1352
items_0,item_1353
items_0,item_1354
items_0,item_1355
items_0,item_1356
items_0,item_1357
items_0,item_1358
items_0,item_1359
items_0,item_1360
items_0,item_1361
items_0,item_1362
items_0,item_1363
items_0,item_1364
items_0,item_1365
items_0,item_1366
items_0,item_1367
items_0,item_1368
items_0,item_1369
items_0,item_1370
items_0,item_1371
items_0,item_1372
items_0,item_1373
items_0,item_1374
items_0,item_1375
items_0,item_1376
items_0,item_1377
items_0,item_1378
items_0,item_1379
items_0,item_1380
items_0,item_1381
items_0,item_1382
items_0,item_1383
items_0,item_1384
items_0,item_1385
items_0,item_1386
items_0,item_1387
items_0,item_1388
items_0,item_1389
items_0,item_1390
items_0,item_1391
items_0,item_1392
items_0,item_1393
items_0,item_1394
items_0,item_1395
items_0,item_1396
items_0,item_1397
items_0,item_1398
items_0,item_1399
items_0,item_1400
items_0,item_1401
items_0,item_1402
items_0,item_1403
items_0,item_1404
items_0,item_1405
items_0,item_1406
items_0,item_1407
items_0,item_1408
items_0,item_1409
items_0,item_1410
items_0,item_1411
items_0,item_1412
items_0,item_1413
items_0,item_1414
items_0,item_1415
items_0,item_1416
items_0,item_1417
items_0,item_1418
items_0,item_1419
items_0,item_1420
items_0,item_1421
items_0,item_1422
items_0,item_1423
items_0,item_1424
items_0,item_1425
items_0,item_1426
items_0,item_1427
items_0,item_1428
items_0,item_1429
items_0,item_1430
items_0,item_1431
items_0,item_1432
items_0,item_1433
items_0,item_1434
items_0,item_1435
items_0,item_1436
items_0,item_1437
items_0,item_1438
items_0,item_1439
items_0,item_1440
items_0,item_1441
items_0,item_1442
items_0,item_1443
items_0,item_1444
items_0,item_1445
items_0,item_1446
items_0,item_1447
items_0,item_1448
items_0,item_1449
items_0,item_1450
items_0,item_1451
items_0,item_1452
items_0,item_1453
items_0,item_1454
items_0,item_1455
items_0,item_1456
items_0,item_1457
items_0,item_1458
items_0,item_1459
items_0,item_1460
items_0,item_1461
items_0,item_1462
items_0,item_1463
items_0,item_1464
items_0,item_1465
items_0,item_1466
items_0,item_1467
items_0,item_1468
items_0,item_1469
items_0,item_1470
items_0,item_1471
items_0,item_1472
items_0,item_1473
items_0,item_1474
items_0,item_1475
items_0,item_1476
items_0,item_1477
items_0,item_1478
items_0,item_1479
items_0,item_1480
items_0,item_1481
items_0,item_1482
items_0,item_1483
items_0,item_1484
items_0,item_1485
items_0,item_1486
items_0,item_1487
items_0,item_1488
items_0,item_1489
items_0,item_1490
items_0,item_1491
items_0,item_1492
items_0,item_1493
items_0,item_1494
items_0,item_1495
items_0,item_1496
items_0,item_1497
items_0,item_1498
items_0,item_1499
items_0,item_1500
items_0,item_1501
items_0,item_1502
items_0,item_1503
items_0,item_1504
items_0,item_1505
items_0,item_1506
items_0,item_1507
items_0,item_1508
items_0,item_1509
items_0,item_1510
items_0,item_1511
items_0,item_1512
items_0,item_1513
items_0,item_1514
items_0,item_1515
items_0,item_1516
items_0,item_1517
items_0,item_1518
items_0,item_1519
items_0,item_1520
items_0,item_1521
items_0,item_1522
items_0,item_1523
items_0,item_1524
items_0,item_1525
items_0,item_1526
items_0,item_1527
items_0,item_1528
items_0,item_1529
items_0,item_1530
items_0,item_1531
items_0,item_1532
items_0,item_1533
items_0,item_1534
items_0,item_1535
items_0,item_1536
items_0,item_1537
items_0,item_1538
items_0,item_1539
items_0,item_1540
items_0,item_1541
items_0,item_1542
items_0,item_1543
items_0,item_1544
items_0,item_1545
items_0,item_1546
items_0,item_1547
items_0,item_1548
items_0,item_1549
items_0,item_1550
items_0,item_1551
items_0,item_1552
items_0,item_1553
items_0,item_1554
items_0,item_1555
items_0,item_1556
items_0,item_1557
items_0,item_1558
items_0,item_1559
items_0,item_1560
items_0,item_1561
items_0,item_1562
items_0,item_1563
items_0,item_1564
items_0,item_1565
items_0,item_1566
items_0,item_1567
items_0,item_1568
items_0,item_1569
items_0,item_1570
items_0,item_1571
items_0,item_1572
items_0,item_1573
items_0,item_1574
items_0,item_1575
items_0,item_1576
items_0,item_1577
items_0,item_1578
items_0,item_1579
items_0,item_1580
items_0,item_1581
items_0,item_1582
items_0,item_1583
items_0,item_1584
items_0,item_1585
items_0,item_1586
items_0,item_1587
items_0,item_1588
items_0,item_1589
items_0,item_1590
items_0,item_1591
items_0,item_1592
items_0,item_1593
items_0,item_1594
items_0,item_1595
items_0,item_1596
items_0,item_1597
items_0,item_1598
items_0,item_1599
items_0,item_1600
items_0,item_1601
items_0,item_1602
items_0,item_1603
items_0,item_1604
items_0,item_1605
items_0,item_1606
items_0,item_1607
items_0,item_1608
items_0,item_1609
items_0,item_1610
items_0,item_1611
items_0,item_1612
items_0,item_1613
items_0,item_1614
items_0,item_1615
items_0,item_1616
items_0,item_1617
items_0,item_1618
items_0,item_1619
items_0,item_1620
items_0,item_1621
items_0,item_1622
items_0,item_1623
items_0,item_1624
items_0,item_1625
items_0,item_1626
items_0,item_1627
items_0,item_1628
items_0,item_1629
items_0,item_1630
items_0,item_1631
items_0,item_1632
items_0,item_1633
items_0,item_1634
items_0,item_1635
items_0,item_1636
items_0,item_1637
items_0,item_1638
items_0,item_1639
items_0,item_1640
items_0,item_1641
items_0,item_1642
items_0,item_1643
items_0,item_1644
items_0,item_1645
items_0,item_1646
items_0,item_1647
items_0,item_1648
items_0,item_1649
items_0,item_1650
items_0,item_1651
items_0,item_1652
items_0,item_1653
items_0,item_1654
items_0,item_1655
items_0,item_1656
items_0,item_1657
items_0,item_1658
items_0,item_1659
items_0,item_1660
items_0,item_1661
items_0,item_1662
items_0,item_1663
items_0,item_1664
items_0,item_1665
items_0,item_1666
items_0,item_1667
items_0,item_1668
items_0,item_1669
items_0,item_1670
items_0,item_1671
items_0,item_1672
items_0,item_1673
items_0,item_1674
items_0,item_1675
items_0,item_1676
items_0,item_1677
items_0,item_1678
items_0,item_1679
items_0,item_1680
items_0,item_1681
items_0,item_1682
items_0,item_1683
items_0,item_1684
items_0,item_1685
items_0,item_1686
items_0,item_1687
items_0,item_1688
items_0,item_1689
items_0,item_1690
items_0,item_1691
items_0,item_1692
items_0,item_1693
items_0,item_1694
items_0,item_1695
items_0,item_1696
items_0,item_1697
items_0,item_1698
items_0,item_1699
items_0,item_1700
items_0,item_1701
items_0,item_1702
items_0,item_1703
items_0,item_1704
items_0,item_1705
items_0,item_1706
items_0,item_1707
items_0,item_1708
items_0,item_1709
items_0,item_1710
items_0,item_1711
items_0,item_1712
items_0,item_1713
items_0,item_1714
items_0,item_1715
items_0,item_1716
items_0,item_1717
items_0,item_1718
items_0,item_1719
items_0,item_1720
items_0,item_1721
items_0,item_1722
items_0,item_1723
items_0,item_1724
items_0,item_1725
items_0,item_1726
items_0,item_1727
items_0,item_1728
items_0,item_1729
items_0,item_1730
items_0,item_1731
items_0,item_1732
items_0,item_1733
items_0,item_1734
items_0,item_1735
items_0,item_1736
items_0,item_1737
items_0,item_1738
items_0,item_1739
items_0,item_1740
items_0,item_1741
items_0,item_1742
items_0,item_1743
items_0,item_1744
items_0,item_1745
items_0,item_1746
items_0,item_1747
items_0,item_1748
items_0,item_1749
items_0,item_1750
items_0,item_1751
items_0,item_1752
items_0,item_1753
items_0,item_1754
items_0,item_1755
items_0,item_1756
items_0,item_1757
items_0,item_1758
items_0,item_1759
items_0,item_1760
items_0,item_1761
items_0,item_1762
items_0,item_1763
items_0,item_1764
items_0,item_1765
items_0,item_1766
items_0,item_1767
items_0,item_1768
items_0,item_1769
items_0,item_1770
items_0,item_1771
items_0,item_1772
items_0,item_1773
items_0,item_1774
items_0,item_1775
items_0,item_1776
items_0,item_1777
items_0,item_1778
items_0,item_1779
items_0,item_1780
items_0,item_1781
items_0,item_1782
items_0,item_1783
items_0,item_1784
items_0,item_1785
items_0,item_1786
items_0,item_1787
items_0,item_1788
items_0,item_1789
items_0,item_1790
items_0,item_1791
items_0,item_1792
items_0,item_1793
items_0,item_1794
items_0,item_1795
items_0,item_1796
items_0,item_1797
items_0,item_1798
items_0,item_1799
items_0,item_1800
items_0,item_1801
items_0,item_1802
items_0,item_1803
items_0,item_1804
items_0,item_1805
items_0,item_1806
items_0,item_1807
items_0,item_1808
items_0,item_1809
items_0,item_1810
items_0,item_1811
items_0,item_1812
items_0,item_1813
items_0,item_1814
items_0,item_1815
items_0,item_1816
items_0,item_1817
items_0,item_1818
items_0,item_1819
items_0,item_1820
items_0,item_1821
items_0,item_1822
items_0,item_1823
items_0,item_1824
items_0,item_1825
items_0,item_1826
items_0,item_1827
items_0,item_1828
items_0,item_1829
items_0,item_1830
items_0,item_1831
items_0,item_1832
items_0,item_1833
items_0,item_1834
items_0,item_1835
items_0,item_1836
items_0,item_1837
items_0,item_1838
items_0,item_1839
items_0,item_1840
items_0,item_1841
items_0,item_1842
items_0,item_1843
items_0,item_1844
items_0,item_1845
items_0,item_1846
items_0,item_1847
items_0,item_1848
items_0,item_1849
items_0,item_1850
items_0,item_1851
items_0,item_1852
items_0,item_1853
items_0,item_1854
items_0,item_1855
items_0,item_1856
items_0,item_1857
items_0,item_1858
items_0,item_1859
items_0,item_1860
items_0,item_1861
items_0,item_1862
items_0,item_1863
items_0,item_1864
items_0,item_1865
items_0,item_1866
items_0,item_1867
items_0,item_1868
items_0,item_1869
items_0,item_1870
items_0,item_1871
items_0,item_1872
items_0,item_1873
items_0,item_1874
items_0,item_1875
items_0,item_1876
items_0,item_1877
items_0,item_1878
items_0,item_1879
items_0,item_1880
items_0,item_1881
items_0,item_1882
items_0,item_1883
items_0,item_1884
items_0,item_1885
items_0,item_1886
items_0,item_1887
items_0,item_1888
items_0,item_1889
items_0,item_1890
items_0,item_1891
items_0,item_1892
items_0,item_1893
items_0,item_1894
items_0,item_1895
items_0,item_1896
items_0,item_1897
items_0,item_1898
items_0,item_1899
items_0,item_1900
items_0,item_1901
items_0,item_1902
items_0,item_1903
items_0,item_1904
items_0,item_1905
items_0,item_1906
items_0,item_1907
items_0,item_1908
items_0,item_1909
items_0,item_1910
items_0,item_1911
items_0,item_1912
items_0,item_1913
items_0,item_1914
items_0,item_1915
items_0,item_1916
items_0,item_1917
items_0,item_1918
items_0,item_1919
items_0,item_1920
items_0,item_1921
items_0,item_1922
items_0,item_1923
items_0,item_1924
items_0,item_1925
items_0,item_1926
items_0,item_1927
items_0,item_1928
items_0,item_1929
items_0,item_1930
items_0,item_1931
items_0,item_1932
items_0,item_1933
items_0,item_1934
items_0,item_1935
items_0,item_1936
items_0,item_1937
items_0,item_1938
items_0,item_1939
items_0,item_1940
items_0,item_1941
items_0,item_1942
items_0,item_1943
items_0,item_1944
items_0,item_1945
items_0,item_1946
items_0,item_1947
items_0,item_1948
items_0,item_1949
items_0,item_1950
items_0,item_1951
items_0,item_1952
items_0,item_1953
items_0,item_1954
items_0,item_1955
items_0,item_1956
items_0,item_1957
items_0,item_1958
items_0,item_1959
items_0,item_1960
items_0,item_1961
items_0,item_1962
items_0,item_1963
items_0,item_1964
items_0,item_1965
items_0,item_1966
items_0,item_1967
items_0,item_1968
items_0,item_1969
items_0,item_1970
items_0,item_1971
items_0,item_1972
items_0,item_1973
items_0,item_1974
items_0,item_1975
items_0,item_1976
items_0,item_1977
items_0,item_1978
items_0,item_1979
items_0,item_1980
items_0,item_1981
items_0,item_1982
items_0,item_1983
items_0,item_1984
items_0,item_1985
items_0,item_1986
items_0,item_1987
items_0,item_1988
items_0,item_1989
items_0,item_1990
items_0,item_1991
items_0,item_1992
items_0,item_1993
items_0,item_1994
items_0,item_1995
items_0,item_1996
items_0,item_1997
items_0,item_1998
items_0,item_1999
items_0,item_2000
items_0,item_2001
items_0,item_2002
items_0,item_2003
items_0,item_2004
items_0,item_2005
items_0,item_2006
items_0,item_2007
items_0,item_2008
items_0,item_2009
items_0,item_2010
items_0,item_2011
items_0,item_2012
items_0,item_2013
items_0,item_2014
items_0,item_2015
items_0,item_2016
items_0,item_2017
items_0,item_2018
items_0,item_2019
items_0,item_2020
items_0,item_2021
items_0,item_2022
items_0,item_2023
items_0,item_2024
items_0,item_2025
items_0,item_2026
items_0,item_2027
items_0,item_2028
items_0,item_2029
items_0,item_2030
items_0,item_2031
items_0,item_2032
items_0,item_2033
items_0,item_2034
items_0,item_2035
items_0,item_2036
items_0,item_2037
items_0,item_2038
items_0,item_2039
items_0,item_2040
items_0,item_2041
items_0,item_2042
items_0,item_2043
items_0,item_2044
items_0,item_2045
items_0,item_2046
items_0,item_2047
items_0,item_2048
items_0,item_2049
items_0,item_2050
items_0,item_2051
items_0,item_2052
items_0,item_2053
items_0,item_2054
items_0,item_2055
items_0,item_2056
items_0,item_2057
items_0,item_2058
items_0,item_2059
items_0,item_2060
items_0,item_2061
items_0,item_2062
items_0,item_2063
items_0,item_2064
items_0,item_2065
items_0,item_2066
items_0,item_2067
items_0,item_2068
items_0,item_2069
items_0,item_2070
items_0,item_2071
items_0,item_2072
items_0,item_2073
items_0,item_2074
items_0,item_2075
items_0,item_2076
items_0,item_2077
items_0,item_2078
items_0,item_2079
items_0,item_2080
items_0,item_2081
items_0,item_2082
items_0,item_2083
items_0,item_2084
items_0,item_2085
items_0,item_2086
items_0,item_2087
items_0,item_2088
items_0,item_2089
items_0,item_2090
items_0,item_2091
items_0,item_2092
items_0,item_2093
items_0,item_2094
items_0,item_2095
items_0,item_2096
items_0,item_2097
items_0,item_2098
items_0,item_2099
items_0,item_2100
items_0,item_2101
items_0,item_2102
items_0,item_2103
items_0,item_2104
items_0,item_2105
items_0,item_2106
items_0,item_2107
items_0,item_2108
items_0,item_2109
items_0,item_2110
items_0,item_2111
items_0,item_2112
items_0,item_2113
items_0,item_2114
items_0,item_2115
items_0,item_2116
items_0,item_2117
items_0,item_2118
items_0,item_2119
items_0,item_2120
items_0,item_2121
items_0,item_2122
items_0,item_2123
items_0,item_2124
items_0,item_2125
items_0,item_2126
items_0,item_2127
items_0,item_2128
items_0,item_2129
items_0,item_2130
items_0,item_2131
items_0,item_2132
items_0,item_2133
items_0,item_2134
items_0,item_2135
items_0,item_2136
items_0,item_2137
items_0,item_2138
items_0,item_2139
items_0,item_2140
items_0,item_2141
items_0,item_2142
items_0,item_2143
items_0,item_2144
items_0,item_2145
items_0,item_2146
items_0,item_2147
items_0,item_2148
items_0,item_2149
items_0,item_2150
items_0,item_2151
items_0,item_2152
items_0,item_2153
items_0,item_2154
items_0,item_2155
items_0,item_2156
items_0,item_2157
items_0,item_2158
items_0,item_2159
items_0,item_2160
items_0,item_2161
items_0,item_2162
items_0,item_2163
items_0,item_2164
items_0,item_2165
items_0,item_2166
items_0,item_2167
items_0,item_2168
items_0,item_2169
items_0,item_2170
items_0,item_2171
items_0,item_2172
items_0,item_2173
items_0,item_2174
items_0,item_2175
items_0,item_2176
items_0,item_2177
items_0,item_2178
items_0,item_2179
items_0,item_2180
items_0,item_2181
items_0,item_2182
items_0,item_2183
items_0,item_2184
items_0,item_2185
items_0,item_2186
items_0,item_2187
items_0,item_2188
items_0,item_2189
items_0,item_2190
items_0,item_2191
items_0,item_2192
items_0,item_2193
items_0,item_2194
items_0,item_2195
items_0,item_2196
items_0,item_2197
items_0,item_2198
items_0,item_2199
items_0,item_2200
items_0,item_2201
items_0,item_2202
items_0,item_2203
items_0,item_2204
items_0,item_2205
items_0,item_2206
items_0,item_2207
items_0,item_2208
items_0,item_2209
items_0,item_2210
items_0,item_2211
items_0,item_2212
items_0,item_2213
items_0,item_2214
items_0,item_2215
items_0,item_2216
items_0,item_2217
items_0,item_2218
items_0,item_2219
items_0,item_2220
items_0,item_2221
items_0,item_2222
items_0,item_2223
items_0,item_2224
items_0,item_2225
items_0,item_2226
items_0,item_2227
items_0,item_2228
items_0,item_2229
items_0,item_2230
items_0,item_2231
items_0,item_2232
items_0,item_2233
items_0,item_2234
items_0,item_2235
items_0,item_2236
items_0,item_2237
items_0,item_2238
items_0,item_2239
items_0,item_2240
items_0,item_2241
items_0,item_2242
items_0,item_2243
items_0,item_2244
items_0,item_2245
items_0,item_2246
items_0,item_2247
items_0,item_2248
items_0,item_2249
items_0,item_2250
items_0,item_2251
items_0,item_2252
items_0,item_2253
items_0,item_2254
items_0,item_2255
items_0,item_2256
items_0,item_2257
items_0,item_2258
items_0,item_2259
items_0,item_2260
items_0,item_2261
items_0,item_2262
items_0,item_2263
items_0,item_2264
items_0,item_2265
items_0,item_2266
items_0,item_2267
items_0,item_2268
items_0,item_2269
items_0,item_2270
items_0,item_2271
items_0,item_2272
items_0,item_2273
items_0,item_2274
items_0,item_2275
items_0,item_2276
items_0,item_2277
items_0,item_2278
items_0,item_2279
items_0,item_2280
items_0,item_2281
items_0,item_2282
items_0,item_2283
items_0,item_2284
items_0,item_2285
items_0,item_2286
items_0,item_2287
items_0,item_2288
items_0,item_2289
items_0,item_2290
items_0,item_2291
items_0,item_2292
items_0,item_2293
items_0,item_2294
items_0,item_2295
items_0,item_2296
items_0,item_2297
items_0,item_2298
items_0,item_2299
items_0,item_2300
items_0,item_2301
items_0,item_2302
items_0,item_2303
items_0,item_2304
items_0,item_2305
items_0,item_2306
items_0,item_2307
items_0,item_2308
items_0,item_2309
items_0,item_2310
items_0,item_2311
items_0,item_2312
items_0,item_2313
items_0,item_2314
items_0,item_2315
items_0,item_2316
items_0,item_2317
items_0,item_2318
items_0,item_2319
items_0,item_2320
items_0,item_2321
items_0,item_2322
items_0,item_2323
items_0,item_2324
items_0,item_2325
items_0,item_2326
items_0,item_2327
items_0,item_2328
items_0,item_2329
items_0,item_2330
items_0,item_2331
items_0,item_2332
items_0,item_2333
items_0,item_2334
items_0,item_2335
items_0,item_2336
items_0,item_2337
items_0,item_2338
items_0,item_2339
items_0,item_2340
items_0,item_2341
items_0,item_2342
items_0,item_2343
items_0,item_2344
items_0,item_2345
items_0,item_2346
items_0,item_2347
items_0,item_2348
items_0,item_2349
items_0,item_2350
items_0,item_2351
items_0,item_2352
items_0,item_2353
items_0,item_2354
items_0,item_2355
items_0,item_2356
items_0,item_2357
items_0,item_2358
items_0,item_2359
items_0,item_2360
items_0,item_2361
items_0,item_2362
items_0,item_2363
items_0,item_2364
items_0,item_2365
items_0,item_2366
items_0,item_2367
items_0,item_2368
items_0,item_2369
items_0,item_2370
items_0,item_2371
items_0,item_2372
items_0,item_2373
items_0,item_2374
items_0,item_2375
items_0,item_2376
items_0,item_2377
items_0,item_2378
items_0,item_2379
items_0,item_2380
items_0,item_2381
items_0,item_2382
items_0,item_2383
items_0,item_2384
items_0,item_2385
items_0,item_2386
items_0,item_2387
items_0,item_2388
items_0,item_2389
items_0,item_2390
items_0,item_2391
items_0,item_2392
items_0,item_2393
items_0,item_2394
items_0,item_2395
items_0,item_2396
items_0,item_2397
items_0,item_2398
items_0,item_2399
items_0,item_2400
items_0,item_2401
items_0,item_2402
items_0,item_2403
items_0,item_2404
items_0,item_2405
items_0,item_2406
items_0,item_2407
items_0,item_2408
items_0,item_2409
items_0,item_2410
items_0,item_2411
items_0,item_2412
items_0,item_2413
items_0,item_2414
items_0,item_2415
items_0,item_2416
items_0,item_2417
items_0,item_2418
items_0,item_2419
items_0,item_2420
items_0,item_2421
items_0,item_2422
items_0,item_2423
items_0,item_2424
items_0,item_2425
items_0,item_2426
items_0,item_2427
items_0,item_2428
items_0,item_2429
items_0,item_2430
items_0,item_2431
items_0,item_2432
items_0,item_2433
items_0,item_2434
items_0,item_2435
items_0,item_2436
items_0,item_2437
items_0,item_2438
items_0,item_2439
items_0,item_2440
items_0,item_2441
items_0,item_2442
items_0,item_2443
items_0,item_2444
items_0,item_2445
items_0,item_2446
items_0,item_2447
items_0,item_2448
items_0,item_2449
items_0,item_2450
items_0,item_2451
items_0,item_2452
items_0,item_2453
items_0,item_2454
items_0,item_2455
items_0,item_2456
items_0,item_2457
items_0,item_2458
items_0,item_2459
items_0,item_2460
items_0,item_2461
items_0,item_2462
items_0,item_2463
items_0,item_2464
items_0,item_2465
items_0,item_2466
items_0,item_2467
items_0,item_2468
items_0,item_2469
items_0,item_2470
items_0,item_2471
items_0,item_2472
items_0,item_2473
items_0,item_2474
items_0,item_2475
items_0,item_2476
items_0,item_2477
items_0,item_2478
items_0,item_2479
items_0,item_2480
items_0,item_2481
items_0,item_2482
items_0,item_2483
items_0,item_2484
items_0,item_2485
items_0,item_2486
items_0,item_2487
items_0,item_2488
items_0,item_2489
items_0,item_2490
items_0,item_2491
items_0,item_2492
items_0,item_2493
items_0,item_2494
items_0,item_2495
items_0,item_2496
items_0,item_2497
items_0,item_2498
items_0,item_2499
items_0,item_2500
items_0,item_2501
items_0,item_2502
items_0,item_2503
items_0,item_2504
items_0,item_2505
items_0,item_2506
items_0,item_2507
items_0,item_2508
items_0,item_2509
items_0,item_2510
items_0,item_2511
items_0,item_2512
items_0,item_2513
items_0,item_2514
items_0,item_2515
items_0,item_2516
items_0,item_2517
items_0,item_2518
items_0,item_2519
items_0,item_2520
items_0,item_2521
items_0,item_2522
items_0,item_2523
items_0,item_2524
items_0,item_2525
items_0,item_2526
items_0,item_2527
items_0,item_2528
items_0,item_2529
items_0,item_2530
items_0,item_2531
items_0,item_2532
items_0,item_2533
items_0,item_2534
items_0,item_2535
items_0,item_2536
items_0,item_2537
items_0,item_2538
items_0,item_2539
items_0,item_2540
items_0,item_2541
items_0,item_2542
items_0,item_2543
items_0,item_2544
items_0,item_2545
items_0,item_2546
items_0,item_2547
items_0,item_2548
items_0,item_2549
items_0,item_2550
items_0,item_2551
items_0,item_2552
items_0,item_2553
items_0,item_2554
items_0,item_2555
items_0,item_2556
items_0,item_2557
items_0,item_2558
items_0,item_2559
items_0,item_2560
items_0,item_2561
items_0,item_2562
items_0,item_2563
items_0,item_2564
items_0,item_2565
items_0,item_2566
items_0,item_2567
items_0,item_2568
items_0,item_2569
items_0,item_2570
items_0,item_2571
items_0,item_2572
items_0,item_2573
items_0,item_2574
items_0,item_2575
items_0,item_2576
items_0,item_2577
items_0,item_2578
items_0,item_2579
items_0,item_2580
items_0,item_2581
items_0,item_2582
items_0,item_2583
items_0,item_2584
items_0,item_2585
items_0,item_2586
items_0,item_2587
items_0,item_2588
items_0,item_2589
items_0,item_2590
items_0,item_2591
items_0,item_2592
items_0,item_2593
items_0,item_2594
items_0,item_2595
items_0,item_2596
items_0,item_2597
items_0,item_2598
items_0,item_2599
items_0,item_2600
items_0,item_2601
items_0,item_2602
items_0,item_2603
items_0,item_2604
items_0,item_2605
items_0,item_2606
items_0,item_2607
items_0,item_2608
items_0,item_2609
items_0,item_2610
items_0,item_2611
items_0,item_2612
items_0,item_2613
items_0,item_2614
items_0,item_2615
items_0,item_2616
items_0,item_2617
items_0,item_2618
items_0,item_2619
items_0,item_2620
items_0,item_2621
items_0,item_2622
items_0,item_2623
items_0,item_2624
items_0,item_2625
items_0,item_2626
items_0,item_2627
items_0,item_2628
items_0,item_2629
items_0,item_2630
items_0,item_2631
items_0,item_2632
items_0,item_2633
items_0,item_2634
items_0,item_2635
items_0,item_2636
items_0,item_2637
items_0,item_2638
items_0,item_2639
items_0,item_2640
items_0,item_2641
items_0,item_2642
items_0,item_2643
items_0,item_2644
items_0,item_2645
items_0,item_2646
items_0,item_2647
items_0,item_2648
items_0,item_2649
items_0,item_2650
items_0,item_2651
items_0,item_2652
items_0,item_2653
items_0,item_2654
items_0,item_2655
items_0,item_2656
items_0,item_2657
items_0,item_2658
items_0,item_2659
items_0,item_2660
items_0,item_2661
items_0,item_2662
items_0,item_2663
items_0,item_2664
items_0,item_2665
items_0,item_2666
items_0,item_2667
items_0,item_2668
items_0,item_2669
items_0,item_2670
items_0,item_2671
items_0,item_2672
items_0,item_2673
items_0,item_2674
items_0,item_2675
items_0,item_2676
items_0,item_2677
items_0,item_2678
items_0,item_2679
items_0,item_2680
items_0,item_2681
items_0,item_2682
items_0,item_2683
items_0,item_2684
items_0,item_2685
items_0,item_2686
items_0,item_2687
items_0,item_2688
items_0,item_2689
items_0,item_2690
items_0,item_2691
items_0,item_2692
items_0,item_2693
items_0,item_2694
items_0,item_2695
items_0,item_2696
items_0,item_2697
items_0,item_2698
items_0,item_2699
items_0,item_2700
items_0,item_2701
items_0,item_2702
items_0,item_2703
items_0,item_2704
items_0,item_2705
items_0,item_2706
items_0,item_2707
items_0,item_2708
items_0,item_2709
items_0,item_2710
items_0,item_2711
items_0,item_2712
items_0,item_2713
items_0,item_2714
items_0,item_2715
items_0,item_2716
items_0,item_2717
items_0,item_2718
items_0,item_2719
items_0,item_2720
items_0,item_2721
items_0,item_2722
items_0,item_2723
items_0,item_2724
items_0,item_2725
items_0,item_2726
items_0,item_2727
items_0,item_2728
items_0,item_2729
items_0,item_2730
items_0,item_2731
items_0,item_2732
items_0,item_2733
items_0,item_2734
items_0,item_2735
items_0,item_2736
items_0,item_2737
items_0,item_2738
items_0,item_2739
items_0,item_2740
items_0,item_2741
items_0,item_2742
items_0,item_2743
items_0,item_2744
items_0,item_2745
items_0,item_2746
items_0,item_2747
items_0,item_2748
items_0,item_2749
items_0,item_2750
items_0,item_2751
items_0,item_2752
items_0,item_2753
items_0,item_2754
items_0,item_2755
items_0,item_2756
items_0,item_2757
items_0,item_2758
items_0,item_2759
items_0,item_2760
items_0,item_2761
items_0,item_2762
items_0,item_2763
items_0,item_2764
items_0,item_2765
items_0,item_2766
items_0,item_2767
items_0,item_2768
items_0,item_2769
items_0,item_2770
items_0,item_2771
items_0,item_2772
items_0,item_2773
items_0,item_2774
items_0,item_2775
items_0,item_2776
items_0,item_2777
items_0,item_2778
items_0,item_2779
items_0,item_2780
items_0,item_2781
items_0,item_2782
items_0,item_2783
items_0,item_2784
items_0,item_2785
items_0,item_2786
items_0,item_2787
items_0,item_2788
items_0,item_2789
items_0,item_2790
items_0,item_2791
items_0,item_2792
items_0,item_2793
items_0,item_2794
items_0,item_2795
items_0,item_2796
items_0,item_2797
items_0,item_2798
items_0,item_2799
items_0,item_2800
items_0,item_2801
items_0,item_2802
items_0,item_2803
items_0,item_2804
items_0,item_2805
items_0,item_2806
items_0,item_2807
items_0,item_2808
items_0,item_2809
items_0,item_2810
items_0,item_2811
items_0,item_2812
items_0,item_2813
items_0,item_2814
items_0,item_2815
items_0,item_2816
items_0,item_2817
items_0,item_2818
items_0,item_2819
items_0,item_2820
items_0,item_2821
items_0,item_2822
items_0,item_2823
items_0,item_2824
items_0,item_2825
items_0,item_2826
items_0,item_2827
items_0,item_2828
items_0,item_2829
items_0,item_2830
items_0,item_2831
items_0,item_2832
items_0,item_2833
items_0,item_2834
items_0,item_2835
items_0,item_2836
items_0,item_2837
items_0,item_2838
items_0,item_2839
items_0,item_2840
items_0,item_2841
items_0,item_2842
items_0,item_2843
items_0,item_2844
items_0,item_2845
items_0,item_2846
items_0,item_2847
items_0,item_2848
items_0,item_2849
items_0,item_2850
items_0,item_2851
items_0,item_2852
items_0,item_2853
items_0,item_2854
items_0,item_2855
items_0,item_2856
items_0,item_2857
items_0,item_2858
items_0,item_2859
items_0,item_2860
items_0,item_2861
items_0,item_2862
items_0,item_2863
items_0,item_2864
items_0,item_2865
items_0,item_2866
items_0,item_2867
items_0,item_2868
items_0,item_2869
items_0,item_2870
items_0,item_2871
items_0,item_2872
items_0,item_2873
items_0,item_2874
items_0,item_2875
items_0,item_2876
items_0,item_2877
items_0,item_2878
items_0,item_2879
items_0,item_2880
items_0,item_2881
items_0,item_2882
items_0,item_2883
items_0,item_2884
items_0,item_2885
items_0,item_2886
items_0,item_2887
items_0,item_2888
items_0,item_2889
items_0,item_2890
items_0,item_2891
items_0,item_2892
items_0,item_2893
items_0,item_2894
items_0,item_2895
items_0,item_2896
items_0,item_2897
items_0,item_2898
items_0,item_2899
items_0,item_2900
items_0,item_2901
items_0,item_2902
items_0,item_2903
items_0,item_2904
items_0,item_2905
items_0,item_2906
items_0,item_2907
items_0,item_2908
items_0,item_2909
items_0,item_2910
items_0,item_2911
items_0,item_2912
items_0,item_2913
items_0,item_2914
items_0,item_2915
items_0,item_2916
items_0,item_2917
items_0,item_2918
items_0,item_2919
items_0,item_2920
items_0,item_2921
items_0,item_2922
items_0,item_2923
items_0,item_2924
items_0,item_2925
items_0,item_2926
items_0,item_2927
items_0,item_2928
items_0,item_2929
items_0,item_2930
items_0,item_2931
items_0,item_2932
items_0,item_2933
items_0,item_2934
items_0,item_2935
items_0,item_2936
items_0,item_2937
items_0,item_2938
items_0,item_2939
items_0,item_2940
items_0,item_2941
items_0,item_2942
items_0,item_2943
items_0,item_2944
items_0,item_2945
items_0,item_2946
items_0,item_2947
items_0,item_2948
items_0,item_2949
items_0,item_2950
items_0,item_2951
items_0,item_2952
items_0,item_2953
items_0,item_2954
items_0,item_2955
items_0,item_2956
items_0,item_2957
items_0,item_2958
items_0,item_2959
items_0,item_2960
items_0,item_2961
items_0,item_2962
items_0,item_2963
items_0,item_2964
items_0,item_2965
items_0,item_2966
items_0,item_2967
items_0,item_2968
items_0,item_2969
items_0,item_2970
items_0,item_2971
items_0,item_2972
items_0,item_2973
items_0,item_2974
items_0,item_2975
items_0,item_2976
items_0,item_2977
items_0,item_2978
items_0,item_2979
items_0,item_2980
items_0,item_2981
items_0,item_2982
items_0,item_2983
items_0,item_2984
items_0,item_2985
items_0,item_2986
items_0,item_2987
items_0,item_2988
items_0,item_2989
items_0,item_2990
items_0,item_2991
items_0,item_2992
items_0,item_2993
items_0,item_2994
items_0,item_2995
items_0,item_2996
items_0,item_2997
items_0,item_2998
items_0,item_2999
